{
    "name": "waud",
    "license": "MIT",
    "classPath": "src",
    "tags": [
	"web audio",
	"web audio api",
	"haxe",
	"javascript",
	"js",
	"audio",
	"web",
	"sounds",
	"audiocontext",
	"library",
	"waud.js",
	"waud",
	"audiosprite",
	"sprite",
	"audio sprite",
	"base64",
	"dataURI"
    ],
    "description": "Web Audio Library",
    "contributors": [
	"adireddy"
    ],
    "releasenote": "bug fixes",
    "version": "0.9.4",
    "url": "https://github.com/waud/waud",
    "dependencies": {}
}